[
  {"_id": {"$oid": "5cf762b012f835d6bdafdf84"},"observer_id": "__CreateOrderSubscriber__","is_enabled": true},
  {"_id": {"$oid": "5cf762b012f835d6bdafdf85"},"observer_id": "__UpdateOrderSubscriber__","is_enabled": true},
  {"_id": {"$oid": "5dc17350eb19675c5277987d"},"observer_id": "__CompareOrderSubscriber__","is_enabled": true},
  {"_id": {"$oid": "5ee9ec514327ee0b4b731282"},"observer_id": "__DeferredUpdateOrderSubscriber__","is_enabled": true},
  {"_id": {"$oid": "5f22c0883b1b57e89aae5c4e"},"observer_id": "__MonoAppOrderRetranslationSubscriber__","is_enabled": true},
  {"_id": {"$oid": "6065ba6d9a3421af6efdf945"},"observer_id": "__PaymentNotifyHandler__","is_enabled": true},
  {"_id": {"$oid": "63d37bc3c4b9f762babd9d27"},"observer_id": "__ExchangePaymentSubscriber__","is_enabled": true},
  {"_id": {"$oid": "63d37bc3c4b9f762babd9d28"},"observer_id": "__RefundOrderPublisher__","is_enabled": true},
  {"_id": {"$oid": "620b9b7a146372da9c6b3062"}, "observer_id":"__SplitOrderSubscriber__","is_enabled":true},
  {"_id": {"$oid": "620b9b7a146372da9c6b3062"}, "observer_id":"__FlightsPreDepartureEvent__","is_enabled":true}
]
